key_point_id,evidence_id,match_label,test_label
kp_0_0,evi_0_0,1,0
kp_0_0,evi_0_1,1,0
kp_0_0,evi_0_2,1,0
kp_0_0,evi_0_3,1,0
kp_0_0,evi_0_4,1,0
kp_0_0,evi_0_5,1,0
kp_0_0,evi_0_6,1,0
kp_0_1,evi_0_7,1,0
kp_0_1,evi_0_8,1,0
kp_0_1,evi_0_9,1,0
kp_0_1,evi_0_10,1,0
kp_0_1,evi_0_11,1,0
kp_0_1,evi_0_12,1,0
kp_0_2,evi_0_13,1,0
kp_0_2,evi_0_14,1,0
kp_0_2,evi_0_15,1,0
kp_0_2,evi_0_16,1,0
kp_0_2,evi_0_17,1,0
kp_0_2,evi_0_18,1,0
kp_0_2,evi_0_9,1,0
kp_0_2,evi_0_19,1,0
kp_0_2,evi_0_20,1,0
kp_0_2,evi_0_21,1,0
kp_0_3,evi_0_22,1,0
kp_0_3,evi_0_23,1,0
kp_0_3,evi_0_24,1,0
kp_0_3,evi_0_25,1,0
kp_0_3,evi_0_26,1,0
kp_0_3,evi_0_27,1,0
kp_0_3,evi_0_28,1,0
kp_0_4,evi_0_29,1,0
kp_0_4,evi_0_30,1,0
kp_0_4,evi_0_31,1,0
kp_0_4,evi_0_32,1,0
kp_0_4,evi_0_33,1,0
kp_0_4,evi_0_34,1,0
kp_0_4,evi_0_35,1,0
kp_0_4,evi_0_36,1,0
kp_0_5,evi_0_37,1,0
kp_0_5,evi_0_32,1,0
kp_0_5,evi_0_38,1,0
kp_0_5,evi_0_34,1,0
kp_0_5,evi_0_39,1,0
kp_0_6,evi_0_40,1,0
kp_0_6,evi_0_41,1,0
kp_0_6,evi_0_42,1,0
kp_0_6,evi_0_43,1,0
kp_0_6,evi_0_44,1,0
kp_0_7,evi_0_45,1,0
kp_0_7,evi_0_46,1,0
kp_0_7,evi_0_47,1,0
kp_0_7,evi_0_48,1,0
kp_0_7,evi_0_49,1,0
kp_0_7,evi_0_32,1,0
kp_0_7,evi_0_50,1,0
kp_0_7,evi_0_51,1,0
kp_0_7,evi_0_52,1,0
kp_0_8,evi_0_53,1,0
kp_0_8,evi_0_54,1,0
kp_0_8,evi_0_55,1,0
kp_0_8,evi_0_56,1,0
kp_0_8,evi_0_57,1,0
kp_0_8,evi_0_58,1,0
kp_0_8,evi_0_59,1,0
kp_0_8,evi_0_60,1,0
kp_0_8,evi_0_61,1,0
kp_0_8,evi_0_62,1,0
kp_0_8,evi_0_63,1,0
kp_0_9,evi_0_64,1,0
kp_0_9,evi_0_65,1,0
kp_0_9,evi_0_66,1,0
kp_0_9,evi_0_33,1,0
kp_0_9,evi_0_67,1,0
kp_0_9,evi_0_68,1,0
kp_0_9,evi_0_69,1,0
kp_1_0,evi_1_0,1,0
kp_1_0,evi_1_1,1,0
kp_1_0,evi_1_2,1,0
kp_1_0,evi_1_3,1,0
kp_1_0,evi_1_4,1,0
kp_1_0,evi_1_5,1,0
kp_1_0,evi_1_6,1,0
kp_1_0,evi_1_7,1,0
kp_1_1,evi_1_8,1,0
kp_1_1,evi_1_9,1,0
kp_1_1,evi_1_10,1,0
kp_1_1,evi_1_11,1,0
kp_1_1,evi_1_12,1,0
kp_1_1,evi_1_13,1,0
kp_1_1,evi_1_14,1,0
kp_1_2,evi_1_15,1,0
kp_1_2,evi_1_16,1,0
kp_1_2,evi_1_17,1,0
kp_1_2,evi_1_18,1,0
kp_1_2,evi_1_19,1,0
kp_1_3,evi_1_20,1,0
kp_1_3,evi_1_21,1,0
kp_1_3,evi_1_22,1,0
kp_1_3,evi_1_23,1,0
kp_1_3,evi_1_24,1,0
kp_1_3,evi_1_25,1,0
kp_1_4,evi_1_26,1,0
kp_1_4,evi_1_23,1,0
kp_1_4,evi_1_27,1,0
kp_1_4,evi_1_28,1,0
kp_1_4,evi_1_29,1,0
kp_1_5,evi_1_30,1,0
kp_1_5,evi_1_31,1,0
kp_1_5,evi_1_32,1,0
kp_1_5,evi_1_33,1,0
kp_1_5,evi_1_34,1,0
kp_1_5,evi_1_35,1,0
kp_1_5,evi_1_36,1,0
kp_1_5,evi_1_21,1,0
kp_1_6,evi_1_37,1,0
kp_1_6,evi_1_38,1,0
kp_1_6,evi_1_39,1,0
kp_1_6,evi_1_40,1,0
kp_1_6,evi_1_41,1,0
kp_1_6,evi_1_42,1,0
kp_1_6,evi_1_43,1,0
kp_1_7,evi_1_44,1,0
kp_1_7,evi_1_45,1,0
kp_1_7,evi_1_46,1,0
kp_1_7,evi_1_47,1,0
kp_1_7,evi_1_48,1,0
kp_1_7,evi_1_49,1,0
kp_1_8,evi_1_50,1,0
kp_1_8,evi_1_51,1,0
kp_1_8,evi_1_52,1,0
kp_1_8,evi_1_53,1,0
kp_1_8,evi_1_54,1,0
kp_1_9,evi_1_49,1,0
kp_1_9,evi_1_56,1,0
kp_1_9,evi_1_57,1,0
kp_1_9,evi_1_58,1,0
kp_1_9,evi_1_55,1,0
kp_2_0,evi_2_0,1,0
kp_2_0,evi_2_1,1,0
kp_2_0,evi_2_2,1,0
kp_2_0,evi_2_3,1,0
kp_2_0,evi_2_4,1,0
kp_2_0,evi_2_5,1,0
kp_2_0,evi_2_6,1,0
kp_2_1,evi_2_7,1,0
kp_2_1,evi_2_8,1,0
kp_2_1,evi_2_9,1,0
kp_2_1,evi_2_10,1,0
kp_2_1,evi_2_11,1,0
kp_2_1,evi_2_12,1,0
kp_2_2,evi_2_1,1,0
kp_2_2,evi_2_13,1,0
kp_2_2,evi_2_14,1,0
kp_2_2,evi_2_15,1,0
kp_2_2,evi_2_16,1,0
kp_2_2,evi_2_17,1,0
kp_2_3,evi_2_18,1,0
kp_2_3,evi_2_19,1,0
kp_2_3,evi_2_20,1,0
kp_2_3,evi_2_21,1,0
kp_2_3,evi_2_22,1,0
kp_2_3,evi_2_23,1,0
kp_2_4,evi_2_24,1,0
kp_2_4,evi_2_7,1,0
kp_2_4,evi_2_25,1,0
kp_2_4,evi_2_26,1,0
kp_2_4,evi_2_28,1,0
kp_2_4,evi_2_29,1,0
kp_2_4,evi_2_30,1,0
kp_2_5,evi_2_31,1,0
kp_2_5,evi_2_32,1,0
kp_2_5,evi_2_33,1,0
kp_2_5,evi_2_34,1,0
kp_2_5,evi_2_35,1,0
kp_2_6,evi_2_36,1,0
kp_2_6,evi_2_37,1,0
kp_2_6,evi_2_38,1,0
kp_2_6,evi_2_39,1,0
kp_2_6,evi_2_40,1,0
kp_2_6,evi_2_41,1,0
kp_2_6,evi_2_42,1,0
kp_2_6,evi_2_43,1,0
kp_2_6,evi_2_44,1,0
kp_2_6,evi_2_45,1,0
kp_2_6,evi_2_46,1,0
kp_2_6,evi_2_47,1,0
kp_2_6,evi_2_48,1,0
kp_2_6,evi_2_49,1,0
kp_2_7,evi_2_50,1,0
kp_2_7,evi_2_51,1,0
kp_2_7,evi_2_52,1,0
kp_2_7,evi_2_53,1,0
kp_2_7,evi_2_54,1,0
kp_2_8,evi_2_55,1,0
kp_2_8,evi_2_56,1,0
kp_2_8,evi_2_57,1,0
kp_2_8,evi_2_58,1,0
kp_2_8,evi_2_59,1,0
kp_2_9,evi_2_60,1,0
kp_2_9,evi_2_61,1,0
kp_2_9,evi_2_62,1,0
kp_2_9,evi_2_63,1,0
kp_2_9,evi_2_64,1,0
kp_2_9,evi_2_65,1,0
kp_2_9,evi_2_66,1,0
kp_2_10,evi_2_67,1,0
kp_2_10,evi_2_68,1,0
kp_2_10,evi_2_69,1,0
kp_2_10,evi_2_70,1,0
kp_2_10,evi_2_71,1,0
kp_3_0,evi_3_0,1,0
kp_3_0,evi_3_1,1,0
kp_3_0,evi_3_2,1,0
kp_3_0,evi_3_3,1,0
kp_3_0,evi_3_4,1,0
kp_3_0,evi_3_5,1,0
kp_3_0,evi_3_6,1,0
kp_3_0,evi_3_7,1,0
kp_3_0,evi_3_8,1,0
kp_3_0,evi_3_9,1,0
kp_3_0,evi_3_10,1,0
kp_3_1,evi_3_11,1,0
kp_3_1,evi_3_12,1,0
kp_3_1,evi_3_13,1,0
kp_3_1,evi_3_14,1,0
kp_3_1,evi_3_15,1,0
kp_3_1,evi_3_16,1,0
kp_3_2,evi_3_17,1,0
kp_3_2,evi_3_18,1,0
kp_3_2,evi_3_19,1,0
kp_3_2,evi_3_20,1,0
kp_3_2,evi_3_21,1,0
kp_3_2,evi_3_22,1,0
kp_3_2,evi_3_23,1,0
kp_3_2,evi_3_24,1,0
kp_3_2,evi_3_25,1,0
kp_3_2,evi_3_26,1,0
kp_3_2,evi_3_27,1,0
kp_3_3,evi_3_28,1,0
kp_3_3,evi_3_29,1,0
kp_3_3,evi_3_30,1,0
kp_3_3,evi_3_31,1,0
kp_3_3,evi_3_32,1,0
kp_3_3,evi_3_33,1,0
kp_3_4,evi_3_34,1,0
kp_3_4,evi_3_35,1,0
kp_3_4,evi_3_36,1,0
kp_3_4,evi_3_37,1,0
kp_3_4,evi_3_38,1,0
kp_3_4,evi_3_39,1,0
kp_3_4,evi_3_40,1,0
kp_3_4,evi_3_41,1,0
kp_3_4,evi_3_42,1,0
kp_3_5,evi_3_43,1,0
kp_3_5,evi_3_44,1,0
kp_3_5,evi_3_45,1,0
kp_3_5,evi_3_46,1,0
kp_3_5,evi_3_47,1,0
kp_3_5,evi_3_48,1,0
kp_3_5,evi_3_49,1,0
kp_3_5,evi_3_50,1,0
kp_3_6,evi_3_51,1,0
kp_3_6,evi_3_52,1,0
kp_3_6,evi_3_53,1,0
kp_3_6,evi_3_54,1,0
kp_3_6,evi_3_55,1,0
kp_3_7,evi_3_56,1,0
kp_3_7,evi_3_57,1,0
kp_3_7,evi_3_58,1,0
kp_3_7,evi_3_59,1,0
kp_3_7,evi_3_60,1,0
kp_3_7,evi_3_61,1,0
kp_3_8,evi_3_62,1,0
kp_3_8,evi_3_63,1,0
kp_3_8,evi_3_64,1,0
kp_3_8,evi_3_65,1,0
kp_3_8,evi_3_66,1,0
kp_5_0,evi_5_0,1,0
kp_5_0,evi_5_1,1,0
kp_5_0,evi_5_2,1,0
kp_5_0,evi_5_3,1,0
kp_5_0,evi_5_4,1,0
kp_5_0,evi_5_5,1,0
kp_5_0,evi_5_6,1,0
kp_5_1,evi_5_7,1,0
kp_5_1,evi_5_8,1,0
kp_5_1,evi_5_9,1,0
kp_5_2,evi_5_10,1,0
kp_5_2,evi_5_11,1,0
kp_5_2,evi_5_12,1,0
kp_5_2,evi_5_13,1,0
kp_5_2,evi_5_14,1,0
kp_5_2,evi_5_15,1,0
kp_5_2,evi_5_16,1,0
kp_5_3,evi_5_32,1,0
kp_5_3,evi_5_33,1,0
kp_5_3,evi_5_34,1,0
kp_5_3,evi_5_35,1,0
kp_5_3,evi_5_36,1,0
kp_5_3,evi_5_37,1,0
kp_5_3,evi_5_38,1,0
kp_5_3,evi_5_39,1,0
kp_5_4,evi_5_40,1,0
kp_5_4,evi_5_41,1,0
kp_5_4,evi_5_42,1,0
kp_5_4,evi_5_43,1,0
kp_5_4,evi_5_44,1,0
kp_5_4,evi_5_45,1,0
kp_5_4,evi_5_46,1,0
kp_5_4,evi_5_47,1,0
kp_5_5,evi_5_48,1,0
kp_5_5,evi_5_49,1,0
kp_5_5,evi_5_50,1,0
kp_5_5,evi_5_51,1,0
kp_5_5,evi_5_52,1,0
kp_5_6,evi_5_53,1,0
kp_5_6,evi_5_54,1,0
kp_5_6,evi_5_55,1,0
kp_5_6,evi_5_56,1,0
kp_5_6,evi_5_57,1,0
kp_5_7,evi_5_58,1,0
kp_5_7,evi_5_59,1,0
kp_5_7,evi_5_60,1,0
kp_5_7,evi_5_61,1,0
kp_5_7,evi_5_62,1,0
kp_5_7,evi_5_63,1,0
kp_5_7,evi_5_64,1,0
kp_5_7,evi_5_65,1,0
kp_5_7,evi_5_66,1,0
kp_5_7,evi_5_67,1,0
kp_6_0,evi_6_0,1,0
kp_6_0,evi_6_1,1,0
kp_6_0,evi_6_2,1,0
kp_6_0,evi_6_3,1,0
kp_6_0,evi_6_4,1,0
kp_6_0,evi_6_5,1,0
kp_6_0,evi_6_6,1,0
kp_6_0,evi_6_7,1,0
kp_6_0,evi_6_8,1,0
kp_6_0,evi_6_9,1,0
kp_6_0,evi_6_10,1,0
kp_6_1,evi_6_11,1,0
kp_6_1,evi_6_12,1,0
kp_6_1,evi_6_13,1,0
kp_6_1,evi_6_14,1,0
kp_6_1,evi_6_15,1,0
kp_6_1,evi_6_16,1,0
kp_6_2,evi_6_17,1,0
kp_6_2,evi_6_18,1,0
kp_6_2,evi_6_19,1,0
kp_6_2,evi_6_20,1,0
kp_6_2,evi_6_21,1,0
kp_6_2,evi_6_22,1,0
kp_6_2,evi_6_23,1,0
kp_6_2,evi_6_24,1,0
kp_6_2,evi_6_25,1,0
kp_6_3,evi_6_26,1,0
kp_6_3,evi_6_27,1,0
kp_6_3,evi_6_28,1,0
kp_6_3,evi_6_29,1,0
kp_6_3,evi_6_30,1,0
kp_6_3,evi_6_31,1,0
kp_6_3,evi_6_32,1,0
kp_6_3,evi_6_33,1,0
kp_6_3,evi_6_34,1,0
kp_6_3,evi_6_35,1,0
kp_6_3,evi_6_36,1,0
kp_6_4,evi_6_37,1,0
kp_6_4,evi_6_38,1,0
kp_6_4,evi_6_39,1,0
kp_6_4,evi_6_40,1,0
kp_6_5,evi_6_41,1,0
kp_6_5,evi_6_42,1,0
kp_6_5,evi_6_43,1,0
kp_6_5,evi_6_44,1,0
kp_6_5,evi_6_45,1,0
kp_6_5,evi_6_46,1,0
kp_6_6,evi_6_47,1,0
kp_6_6,evi_6_48,1,0
kp_6_6,evi_6_49,1,0
kp_6_6,evi_6_50,1,0
kp_6_6,evi_6_51,1,0
kp_6_7,evi_6_52,1,0
kp_6_7,evi_6_53,1,0
kp_6_7,evi_6_54,1,0
kp_6_7,evi_6_55,1,0
kp_6_7,evi_6_56,1,0
kp_6_8,evi_6_57,1,0
kp_6_8,evi_6_58,1,0
kp_6_8,evi_6_59,1,0
kp_6_8,evi_6_60,1,0
kp_6_8,evi_6_61,1,0
kp_6_8,evi_6_62,1,0
kp_6_8,evi_6_63,1,0
kp_6_8,evi_6_64,1,0
kp_6_9,evi_6_65,1,0
kp_6_9,evi_6_66,1,0
kp_6_9,evi_6_67,1,0
kp_6_9,evi_6_68,1,0
kp_6_9,evi_6_69,1,0
kp_6_9,evi_6_70,1,0
kp_6_9,evi_6_71,1,0
kp_6_9,evi_6_72,1,0
kp_6_9,evi_6_73,1,0
kp_6_9,evi_6_74,1,0
kp_9_0,evi_9_0,1,0
kp_9_0,evi_9_1,1,0
kp_9_0,evi_9_2,1,0
kp_9_0,evi_9_3,1,0
kp_9_0,evi_9_4,1,0
kp_9_1,evi_9_5,1,0
kp_9_1,evi_9_6,1,0
kp_9_1,evi_9_7,1,0
kp_9_1,evi_9_8,1,0
kp_9_1,evi_9_9,1,0
kp_9_2,evi_9_10,1,0
kp_9_2,evi_9_11,1,0
kp_9_2,evi_9_12,1,0
kp_9_2,evi_9_13,1,0
kp_9_2,evi_9_14,1,0
kp_9_2,evi_9_15,1,0
kp_9_3,evi_9_16,1,0
kp_9_3,evi_9_17,1,0
kp_9_3,evi_9_18,1,0
kp_9_3,evi_9_19,1,0
kp_9_3,evi_9_20,1,0
kp_9_3,evi_9_21,1,0
kp_9_3,evi_9_22,1,0
kp_9_3,evi_9_23,1,0
kp_9_4,evi_9_24,1,0
kp_9_4,evi_9_25,1,0
kp_9_4,evi_9_26,1,0
kp_9_4,evi_9_27,1,0
kp_9_4,evi_9_28,1,0
kp_9_4,evi_9_29,1,0
kp_9_5,evi_9_30,1,0
kp_9_5,evi_9_31,1,0
kp_9_5,evi_9_32,1,0
kp_9_5,evi_9_33,1,0
kp_9_5,evi_9_34,1,0
kp_9_5,evi_9_35,1,0
kp_9_6,evi_9_36,1,0
kp_9_6,evi_9_37,1,0
kp_9_6,evi_9_38,1,0
kp_9_6,evi_9_39,1,0
kp_9_6,evi_9_40,1,0
kp_10_0,evi_10_0,1,0
kp_10_0,evi_10_1,1,0
kp_10_0,evi_10_2,1,0
kp_10_0,evi_10_3,1,0
kp_10_0,evi_10_4,1,0
kp_10_0,evi_10_5,1,0
kp_10_1,evi_10_6,1,0
kp_10_1,evi_10_7,1,0
kp_10_1,evi_10_8,1,0
kp_10_1,evi_10_9,1,0
kp_10_2,evi_10_10,1,0
kp_10_2,evi_10_11,1,0
kp_10_2,evi_10_12,1,0
kp_10_2,evi_10_13,1,0
kp_10_2,evi_10_14,1,0
kp_10_2,evi_10_15,1,0
kp_10_3,evi_10_16,1,0
kp_10_3,evi_10_17,1,0
kp_10_3,evi_10_18,1,0
kp_10_3,evi_10_19,1,0
kp_10_3,evi_10_20,1,0
kp_10_3,evi_10_21,1,0
kp_10_3,evi_10_22,1,0
kp_10_3,evi_10_23,1,0
kp_10_4,evi_10_24,1,0
kp_10_4,evi_10_25,1,0
kp_10_4,evi_10_26,1,0
kp_10_4,evi_10_27,1,0
kp_10_4,evi_10_28,1,0
kp_10_4,evi_10_29,1,0
kp_10_4,evi_10_30,1,0
kp_10_5,evi_10_31,1,0
kp_10_5,evi_10_32,1,0
kp_10_5,evi_10_33,1,0
kp_10_5,evi_10_34,1,0
kp_10_5,evi_10_35,1,0
kp_10_5,evi_10_36,1,0
kp_10_5,evi_10_37,1,0
kp_10_5,evi_10_38,1,0
kp_10_6,evi_10_39,1,0
kp_10_6,evi_10_40,1,0
kp_10_6,evi_10_41,1,0
kp_10_6,evi_10_42,1,0
kp_10_6,evi_10_43,1,0
kp_10_6,evi_10_44,1,0
kp_10_6,evi_10_45,1,0
kp_10_7,evi_10_46,1,0
kp_10_7,evi_10_47,1,0
kp_10_7,evi_10_48,1,0
kp_10_7,evi_10_49,1,0
kp_10_7,evi_10_50,1,0
kp_10_8,evi_10_51,1,0
kp_10_8,evi_10_52,1,0
kp_10_8,evi_10_53,1,0
kp_10_8,evi_10_54,1,0
kp_10_8,evi_10_55,1,0
kp_10_8,evi_10_56,1,0
kp_11_0,evi_11_0,1,0
kp_11_0,evi_11_1,1,0
kp_11_0,evi_11_2,1,0
kp_11_0,evi_11_3,1,0
kp_11_0,evi_11_4,1,0
kp_11_0,evi_11_5,1,0
kp_11_1,evi_11_6,1,0
kp_11_1,evi_11_7,1,0
kp_11_1,evi_11_8,1,0
kp_11_1,evi_11_9,1,0
kp_11_1,evi_11_10,1,0
kp_11_1,evi_11_11,1,0
kp_11_1,evi_11_12,1,0
kp_11_1,evi_11_13,1,0
kp_11_1,evi_11_14,1,0
kp_11_1,evi_11_15,1,0
kp_11_2,evi_11_16,1,0
kp_11_2,evi_11_17,1,0
kp_11_2,evi_11_18,1,0
kp_11_2,evi_11_19,1,0
kp_11_2,evi_11_20,1,0
kp_11_2,evi_11_21,1,0
kp_11_2,evi_11_22,1,0
kp_11_2,evi_11_23,1,0
kp_11_2,evi_11_24,1,0
kp_11_2,evi_11_25,1,0
kp_11_3,evi_11_26,1,0
kp_11_3,evi_11_27,1,0
kp_11_3,evi_11_28,1,0
kp_11_3,evi_11_29,1,0
kp_11_3,evi_11_30,1,0
kp_11_3,evi_11_31,1,0
kp_11_3,evi_11_32,1,0
kp_11_3,evi_11_33,1,0
kp_11_3,evi_11_34,1,0
kp_11_3,evi_11_35,1,0
kp_11_3,evi_11_36,1,0
kp_11_4,evi_11_37,1,0
kp_11_4,evi_11_38,1,0
kp_11_4,evi_11_39,1,0
kp_11_5,evi_11_40,1,0
kp_11_5,evi_11_41,1,0
kp_11_5,evi_11_42,1,0
kp_11_5,evi_11_43,1,0
kp_11_6,evi_11_44,1,0
kp_11_6,evi_11_45,1,0
kp_11_6,evi_11_46,1,0
kp_11_6,evi_11_47,1,0
kp_11_6,evi_11_48,1,0
kp_11_6,evi_11_49,1,0
kp_11_6,evi_11_50,1,0
kp_11_6,evi_11_51,1,0
kp_11_6,evi_11_52,1,0
kp_11_6,evi_11_53,1,0
kp_11_6,evi_11_54,1,0
kp_11_6,evi_11_55,1,0
kp_11_6,evi_11_56,1,0
kp_11_6,evi_11_57,1,0
kp_11_6,evi_11_58,1,0
kp_11_6,evi_11_59,1,0
kp_11_6,evi_11_60,1,0
kp_11_6,evi_11_61,1,0
kp_11_6,evi_11_62,1,0
kp_11_6,evi_11_63,1,0
kp_11_6,evi_11_64,1,0
kp_11_7,evi_11_65,1,0
kp_11_7,evi_11_66,1,0
kp_11_7,evi_11_67,1,0
kp_11_7,evi_11_68,1,0
kp_11_7,evi_11_69,1,0
kp_11_8,evi_11_70,1,0
kp_11_8,evi_11_71,1,0
kp_11_8,evi_11_72,1,0
kp_11_8,evi_11_73,1,0
kp_11_8,evi_11_74,1,0
kp_11_8,evi_11_75,1,0
kp_11_8,evi_11_76,1,0
kp_11_8,evi_11_77,1,0
kp_12_0,evi_12_0,1,0
kp_12_0,evi_12_1,1,0
kp_12_0,evi_12_2,1,0
kp_12_0,evi_12_3,1,0
kp_12_0,evi_12_4,1,0
kp_12_0,evi_12_5,1,0
kp_12_1,evi_12_6,1,0
kp_12_1,evi_12_7,1,0
kp_12_1,evi_12_8,1,0
kp_12_1,evi_12_9,1,0
kp_12_1,evi_12_10,1,0
kp_12_1,evi_12_11,1,0
kp_12_2,evi_12_12,1,0
kp_12_2,evi_12_13,1,0
kp_12_2,evi_12_14,1,0
kp_12_2,evi_12_15,1,0
kp_12_2,evi_12_16,1,0
kp_12_2,evi_12_17,1,0
kp_12_3,evi_12_18,1,0
kp_12_3,evi_12_19,1,0
kp_12_3,evi_12_20,1,0
kp_12_3,evi_12_21,1,0
kp_12_3,evi_12_22,1,0
kp_12_3,evi_12_23,1,0
kp_12_4,evi_12_24,1,0
kp_12_4,evi_12_25,1,0
kp_12_4,evi_12_26,1,0
kp_12_4,evi_12_27,1,0
kp_12_4,evi_12_28,1,0
kp_12_4,evi_12_29,1,0
kp_12_5,evi_12_30,1,0
kp_12_5,evi_12_31,1,0
kp_12_5,evi_12_32,1,0
kp_12_5,evi_12_33,1,0
kp_12_5,evi_12_34,1,0
kp_12_5,evi_12_35,1,0
kp_12_6,evi_12_36,1,0
kp_12_6,evi_12_37,1,0
kp_12_6,evi_12_38,1,0
kp_12_6,evi_12_39,1,0
kp_12_6,evi_12_40,1,0
kp_12_6,evi_12_41,1,0
kp_12_7,evi_12_42,1,0
kp_12_7,evi_12_43,1,0
kp_12_7,evi_12_44,1,0
kp_12_7,evi_12_45,1,0
kp_12_7,evi_12_46,1,0
kp_12_7,evi_12_47,1,0
kp_12_8,evi_12_48,1,0
kp_12_8,evi_12_49,1,0
kp_12_8,evi_12_50,1,0
kp_12_8,evi_12_51,1,0
kp_12_8,evi_12_52,1,0
kp_12_8,evi_12_53,1,0
kp_13_0,evi_13_0,1,0
kp_13_0,evi_13_1,1,0
kp_13_0,evi_13_2,1,0
kp_13_0,evi_13_3,1,0
kp_13_0,evi_13_4,1,0
kp_13_0,evi_13_5,1,0
kp_13_1,evi_13_6,1,0
kp_13_1,evi_13_7,1,0
kp_13_1,evi_13_8,1,0
kp_13_1,evi_13_9,1,0
kp_13_1,evi_13_10,1,0
kp_13_1,evi_13_11,1,0
kp_13_2,evi_13_12,1,0
kp_13_2,evi_13_13,1,0
kp_13_2,evi_13_14,1,0
kp_13_2,evi_13_15,1,0
kp_13_2,evi_13_16,1,0
kp_13_2,evi_13_17,1,0
kp_13_2,evi_13_18,1,0
kp_13_2,evi_13_19,1,0
kp_13_3,evi_13_20,1,0
kp_13_3,evi_13_21,1,0
kp_13_3,evi_13_22,1,0
kp_13_3,evi_13_23,1,0
kp_13_3,evi_13_24,1,0
kp_13_4,evi_13_25,1,0
kp_13_4,evi_13_26,1,0
kp_13_4,evi_13_27,1,0
kp_13_4,evi_13_28,1,0
kp_13_4,evi_13_29,1,0
kp_13_4,evi_13_30,1,0
kp_13_4,evi_13_31,1,0
kp_13_5,evi_13_32,1,0
kp_13_5,evi_13_33,1,0
kp_13_5,evi_13_34,1,0
kp_13_5,evi_13_35,1,0
kp_13_5,evi_13_36,1,0
kp_13_5,evi_13_37,1,0
kp_13_6,evi_13_38,1,0
kp_13_6,evi_13_39,1,0
kp_13_6,evi_13_40,1,0
kp_13_6,evi_13_41,1,0
kp_13_6,evi_13_42,1,0
kp_13_6,evi_13_43,1,0
kp_13_6,evi_13_44,1,0
kp_13_7,evi_13_45,1,0
kp_13_7,evi_13_46,1,0
kp_13_7,evi_13_47,1,0
kp_13_7,evi_13_48,1,0
kp_13_7,evi_13_49,1,0
kp_13_7,evi_13_50,1,0
kp_13_7,evi_13_51,1,0
kp_13_7,evi_13_52,1,0
kp_13_7,evi_13_53,1,0
kp_13_7,evi_13_54,1,0
kp_13_8,evi_13_55,1,0
kp_13_8,evi_13_56,1,0
kp_13_8,evi_13_57,1,0
kp_13_8,evi_13_58,1,0
kp_13_8,evi_13_59,1,0
kp_13_8,evi_13_60,1,0
kp_13_8,evi_13_61,1,0
kp_13_8,evi_13_62,1,0
kp_13_9,evi_13_63,1,0
kp_13_9,evi_13_64,1,0
kp_13_9,evi_13_65,1,0
kp_13_9,evi_13_66,1,0
kp_13_9,evi_13_67,1,0
kp_13_9,evi_13_68,1,0
kp_13_9,evi_13_69,1,0
kp_13_9,evi_13_70,1,0
kp_13_9,evi_13_71,1,0
kp_14_0,evi_14_0,1,0
kp_14_0,evi_14_1,1,0
kp_14_0,evi_14_2,1,0
kp_14_1,evi_14_3,1,0
kp_14_1,evi_14_4,1,0
kp_14_2,evi_14_5,1,0
kp_14_2,evi_14_6,1,0
kp_14_2,evi_14_7,1,0
kp_14_2,evi_14_8,1,0
kp_14_2,evi_14_9,1,0
kp_14_3,evi_14_10,1,0
kp_14_3,evi_14_11,1,0
kp_14_3,evi_14_12,1,0
kp_14_3,evi_14_13,1,0
kp_14_4,evi_14_14,1,0
kp_14_4,evi_14_15,1,0
kp_14_4,evi_14_16,1,0
kp_14_4,evi_14_17,1,0
kp_14_4,evi_14_18,1,0
kp_14_5,evi_14_19,1,0
kp_14_5,evi_14_20,1,0
kp_14_5,evi_14_21,1,0
kp_14_5,evi_14_22,1,0
kp_14_5,evi_14_23,1,0
kp_14_5,evi_14_24,1,0
kp_14_5,evi_14_25,1,0
kp_14_6,evi_14_26,1,0
kp_14_6,evi_14_27,1,0
kp_14_6,evi_14_28,1,0
kp_14_6,evi_14_29,1,0
kp_14_7,evi_14_30,1,0
kp_14_7,evi_14_31,1,0
kp_14_7,evi_14_32,1,0
kp_14_7,evi_14_33,1,0
kp_14_7,evi_14_34,1,0
kp_14_7,evi_14_35,1,0
kp_14_8,evi_14_36,1,0
kp_14_8,evi_14_37,1,0
kp_14_8,evi_14_38,1,0
kp_16_0,evi_16_0,1,0
kp_16_0,evi_16_1,1,0
kp_16_0,evi_16_2,1,0
kp_16_0,evi_16_3,1,0
kp_16_0,evi_16_4,1,0
kp_16_0,evi_16_5,1,0
kp_16_0,evi_16_6,1,0
kp_16_0,evi_16_7,1,0
kp_16_0,evi_16_8,1,0
kp_16_1,evi_16_9,1,0
kp_16_1,evi_16_10,1,0
kp_16_1,evi_16_11,1,0
kp_16_1,evi_16_12,1,0
kp_16_1,evi_16_13,1,0
kp_16_1,evi_16_14,1,0
kp_16_1,evi_16_15,1,0
kp_16_1,evi_16_16,1,0
kp_16_2,evi_16_17,1,0
kp_16_2,evi_16_18,1,0
kp_16_2,evi_16_19,1,0
kp_16_2,evi_16_20,1,0
kp_16_2,evi_16_21,1,0
kp_16_2,evi_16_22,1,0
kp_16_3,evi_16_23,1,0
kp_16_3,evi_16_24,1,0
kp_16_3,evi_16_25,1,0
kp_16_3,evi_16_26,1,0
kp_16_3,evi_16_27,1,0
kp_16_3,evi_16_28,1,0
kp_16_3,evi_16_29,1,0
kp_16_4,evi_16_30,1,0
kp_16_4,evi_16_31,1,0
kp_16_4,evi_16_32,1,0
kp_16_4,evi_16_33,1,0
kp_16_4,evi_16_34,1,0
kp_16_4,evi_16_35,1,0
kp_16_4,evi_16_36,1,0
kp_16_5,evi_16_37,1,0
kp_16_5,evi_16_38,1,0
kp_16_5,evi_16_39,1,0
kp_16_5,evi_16_40,1,0
kp_16_5,evi_16_41,1,0
kp_16_5,evi_16_42,1,0
kp_16_6,evi_16_43,1,0
kp_16_6,evi_16_44,1,0
kp_16_6,evi_16_45,1,0
kp_16_6,evi_16_46,1,0
kp_16_6,evi_16_47,1,0
kp_16_6,evi_16_48,1,0
kp_16_6,evi_16_49,1,0
kp_17_0,evi_17_0,1,0
kp_17_0,evi_17_1,1,0
kp_17_0,evi_17_2,1,0
kp_17_0,evi_17_3,1,0
kp_17_0,evi_17_4,1,0
kp_17_1,evi_17_5,1,0
kp_17_1,evi_17_6,1,0
kp_17_1,evi_17_7,1,0
kp_17_1,evi_17_8,1,0
kp_17_1,evi_17_9,1,0
kp_17_1,evi_17_10,1,0
kp_17_1,evi_17_11,1,0
kp_17_2,evi_17_12,1,0
kp_17_2,evi_17_13,1,0
kp_17_2,evi_17_14,1,0
kp_17_2,evi_17_15,1,0
kp_17_2,evi_17_16,1,0
kp_17_2,evi_17_17,1,0
kp_18_0,evi_18_0,1,0
kp_18_0,evi_18_1,1,0
kp_18_0,evi_18_2,1,0
kp_18_0,evi_18_3,1,0
kp_18_0,evi_18_4,1,0
kp_18_0,evi_18_5,1,0
kp_18_0,evi_18_6,1,0
kp_18_1,evi_18_7,1,0
kp_18_1,evi_18_8,1,0
kp_18_1,evi_18_9,1,0
kp_18_1,evi_18_10,1,0
kp_18_1,evi_18_11,1,0
kp_18_1,evi_18_12,1,0
kp_18_1,evi_18_13,1,0
kp_18_2,evi_18_14,1,0
kp_18_2,evi_18_15,1,0
kp_18_2,evi_18_16,1,0
kp_18_2,evi_18_17,1,0
kp_18_2,evi_18_18,1,0
kp_18_3,evi_18_19,1,0
kp_18_3,evi_18_20,1,0
kp_18_3,evi_18_21,1,0
kp_18_3,evi_18_22,1,0
kp_18_3,evi_18_23,1,0
kp_18_3,evi_18_24,1,0
kp_18_3,evi_18_25,1,0
kp_18_4,evi_18_26,1,0
kp_18_4,evi_18_27,1,0
kp_18_4,evi_18_28,1,0
kp_18_4,evi_18_29,1,0
kp_18_4,evi_18_30,1,0
kp_18_4,evi_18_31,1,0
kp_18_4,evi_18_32,1,0
kp_18_5,evi_18_33,1,0
kp_18_5,evi_18_34,1,0
kp_18_5,evi_18_35,1,0
kp_18_5,evi_18_36,1,0
kp_18_5,evi_18_37,1,0
kp_18_5,evi_18_38,1,0
kp_18_5,evi_18_39,1,0
kp_18_5,evi_18_40,1,0
kp_18_5,evi_18_41,1,0
kp_18_5,evi_18_42,1,0
kp_18_5,evi_18_43,1,0
kp_18_5,evi_18_44,1,0
kp_18_5,evi_18_45,1,0
kp_18_6,evi_18_46,1,0
kp_18_6,evi_18_47,1,0
kp_18_6,evi_18_48,1,0
kp_18_6,evi_18_49,1,0
kp_18_6,evi_18_50,1,0
kp_18_6,evi_18_51,1,0
kp_18_6,evi_18_52,1,0
kp_18_6,evi_18_53,1,0
kp_18_6,evi_18_54,1,0
kp_18_6,evi_18_55,1,0
kp_18_6,evi_18_56,1,0
kp_19_0,evi_19_0,1,0
kp_19_0,evi_19_1,1,0
kp_19_0,evi_19_2,1,0
kp_19_0,evi_19_3,1,0
kp_19_0,evi_19_4,1,0
kp_19_0,evi_19_5,1,0
kp_19_1,evi_19_6,1,0
kp_19_1,evi_19_7,1,0
kp_19_1,evi_19_8,1,0
kp_19_1,evi_19_9,1,0
kp_19_1,evi_19_10,1,0
kp_19_2,evi_19_11,1,0
kp_19_2,evi_19_12,1,0
kp_19_2,evi_19_13,1,0
kp_19_2,evi_19_14,1,0
kp_19_2,evi_19_15,1,0
kp_19_2,evi_19_16,1,0
kp_19_3,evi_19_17,1,0
kp_19_3,evi_19_18,1,0
kp_19_3,evi_19_19,1,0
kp_19_3,evi_19_20,1,0
kp_19_3,evi_19_21,1,0
kp_19_3,evi_19_22,1,0
kp_19_4,evi_19_23,1,0
kp_19_4,evi_19_24,1,0
kp_19_4,evi_19_25,1,0
kp_19_4,evi_19_26,1,0
kp_19_4,evi_19_27,1,0
kp_19_4,evi_19_28,1,0
kp_19_4,evi_19_29,1,0
kp_19_5,evi_19_30,1,0
kp_19_5,evi_19_31,1,0
kp_19_5,evi_19_32,1,0
kp_19_5,evi_19_33,1,0
kp_19_5,evi_19_34,1,0
kp_19_5,evi_19_35,1,0
kp_19_6,evi_19_36,1,0
kp_19_6,evi_19_37,1,0
kp_19_6,evi_19_38,1,0
kp_19_6,evi_19_39,1,0
kp_19_6,evi_19_40,1,0
kp_19_6,evi_19_41,1,0
kp_19_6,evi_19_42,1,0
kp_20_0,evi_20_0,1,0
kp_20_0,evi_20_1,1,0
kp_20_0,evi_20_2,1,0
kp_20_0,evi_20_3,1,0
kp_20_0,evi_20_4,1,0
kp_20_0,evi_20_5,1,0
kp_20_1,evi_20_6,1,0
kp_20_1,evi_20_7,1,0
kp_20_1,evi_20_8,1,0
kp_20_1,evi_20_9,1,0
kp_20_1,evi_20_10,1,0
kp_20_1,evi_20_11,1,0
kp_20_2,evi_20_12,1,0
kp_20_2,evi_20_13,1,0
kp_20_2,evi_20_14,1,0
kp_20_2,evi_20_15,1,0
kp_20_2,evi_20_16,1,0
kp_20_2,evi_20_17,1,0
kp_20_2,evi_20_18,1,0
kp_20_2,evi_20_19,1,0
kp_20_2,evi_20_20,1,0
kp_20_2,evi_20_21,1,0
kp_20_3,evi_20_22,1,0
kp_20_3,evi_20_23,1,0
kp_20_3,evi_20_24,1,0
kp_20_3,evi_20_25,1,0
kp_20_3,evi_20_26,1,0
kp_20_4,evi_20_27,1,0
kp_20_4,evi_20_28,1,0
kp_20_4,evi_20_29,1,0
kp_20_4,evi_20_30,1,0
kp_20_4,evi_20_31,1,0
kp_20_5,evi_20_32,1,0
kp_20_5,evi_20_33,1,0
kp_20_5,evi_20_34,1,0
kp_20_5,evi_20_35,1,0
kp_20_5,evi_20_36,1,0
kp_20_5,evi_20_37,1,0
kp_20_5,evi_20_38,1,0
kp_20_6,evi_20_39,1,0
kp_20_6,evi_20_40,1,0
kp_20_6,evi_20_41,1,0
kp_20_6,evi_20_42,1,0
kp_20_6,evi_20_43,1,0
kp_20_6,evi_20_44,1,0
kp_20_6,evi_20_45,1,0
kp_20_6,evi_20_46,1,0
kp_20_6,evi_20_47,1,0
kp_20_6,evi_20_48,1,0
kp_20_6,evi_20_49,1,0
kp_20_6,evi_20_50,1,0
kp_20_7,evi_20_51,1,0
kp_20_7,evi_20_52,1,0
kp_20_7,evi_20_53,1,0
kp_20_7,evi_20_54,1,0
kp_20_7,evi_20_55,1,0
kp_20_8,evi_20_56,1,0
kp_20_8,evi_20_57,1,0
kp_20_8,evi_20_58,1,0
kp_20_8,evi_20_59,1,0
kp_20_8,evi_20_60,1,0
kp_20_9,evi_20_61,1,0
kp_20_9,evi_20_62,1,0
kp_20_9,evi_20_63,1,0
kp_20_9,evi_20_64,1,0
kp_20_9,evi_20_65,1,0
kp_20_9,evi_20_66,1,0
kp_20_10,evi_20_67,1,0
kp_20_10,evi_20_68,1,0
kp_20_10,evi_20_69,1,0
kp_20_10,evi_20_70,1,0
kp_20_10,evi_20_71,1,0
kp_20_10,evi_20_72,1,0
kp_20_10,evi_20_73,1,0
kp_20_10,evi_20_74,1,0
kp_21_0,evi_21_0,1,0
kp_21_0,evi_21_1,1,0
kp_21_0,evi_21_2,1,0
kp_21_0,evi_21_3,1,0
kp_21_0,evi_21_4,1,0
kp_21_0,evi_21_5,1,0
kp_21_0,evi_21_6,1,0
kp_21_0,evi_21_7,1,0
kp_21_0,evi_21_8,1,0
kp_21_0,evi_21_9,1,0
kp_21_1,evi_21_10,1,0
kp_21_1,evi_21_11,1,0
kp_21_1,evi_21_12,1,0
kp_21_1,evi_21_13,1,0
kp_21_1,evi_21_14,1,0
kp_21_1,evi_21_15,1,0
kp_21_1,evi_21_16,1,0
kp_21_1,evi_21_17,1,0
kp_21_1,evi_21_18,1,0
kp_21_1,evi_21_19,1,0
kp_21_1,evi_21_20,1,0
kp_21_1,evi_21_21,1,0
kp_21_1,evi_21_22,1,0
kp_21_1,evi_21_23,1,0
kp_21_1,evi_21_24,1,0
kp_21_1,evi_21_25,1,0
kp_21_1,evi_21_26,1,0
kp_21_1,evi_21_27,1,0
kp_21_1,evi_21_28,1,0
kp_21_1,evi_21_29,1,0
kp_21_1,evi_21_30,1,0
kp_21_1,evi_21_31,1,0
kp_21_1,evi_21_32,1,0
kp_21_1,evi_21_33,1,0
kp_21_1,evi_21_34,1,0
kp_21_1,evi_21_35,1,0
kp_21_2,evi_21_36,1,0
kp_21_2,evi_21_37,1,0
kp_21_2,evi_21_38,1,0
kp_21_2,evi_21_39,1,0
kp_21_2,evi_21_40,1,0
kp_21_2,evi_21_41,1,0
kp_21_2,evi_21_42,1,0
kp_21_2,evi_21_43,1,0
kp_21_2,evi_21_44,1,0
kp_21_2,evi_21_45,1,0
kp_21_2,evi_21_46,1,0
kp_21_2,evi_21_47,1,0
kp_21_2,evi_21_48,1,0
kp_21_2,evi_21_49,1,0
kp_21_2,evi_21_50,1,0
kp_21_2,evi_21_51,1,0
kp_21_2,evi_21_52,1,0
kp_21_2,evi_21_53,1,0
kp_21_2,evi_21_54,1,0
kp_21_2,evi_21_55,1,0
kp_21_2,evi_21_56,1,0
kp_21_2,evi_21_57,1,0
kp_21_3,evi_21_58,1,0
kp_21_3,evi_21_59,1,0
kp_21_3,evi_21_60,1,0
kp_21_3,evi_21_61,1,0
kp_21_3,evi_21_62,1,0
kp_21_3,evi_21_63,1,0
kp_21_3,evi_21_64,1,0
kp_21_3,evi_21_65,1,0
kp_21_3,evi_21_66,1,0
kp_21_3,evi_21_67,1,0
kp_21_4,evi_21_68,1,0
kp_21_4,evi_21_69,1,0
kp_21_4,evi_21_70,1,0
kp_21_4,evi_21_71,1,0
kp_21_4,evi_21_72,1,0
kp_21_4,evi_21_73,1,0
kp_21_4,evi_21_74,1,0
kp_21_5,evi_21_75,1,0
kp_21_5,evi_21_76,1,0
kp_21_5,evi_21_77,1,0
kp_21_5,evi_21_78,1,0
kp_21_5,evi_21_79,1,0
kp_21_5,evi_21_80,1,0
kp_21_5,evi_21_81,1,0
kp_21_5,evi_21_82,1,0
kp_21_5,evi_21_83,1,0
kp_21_5,evi_21_84,1,0
kp_21_5,evi_21_85,1,0
kp_21_6,evi_21_86,1,0
kp_21_6,evi_21_87,1,0
kp_21_6,evi_21_88,1,0
kp_21_6,evi_21_89,1,0
kp_21_6,evi_21_90,1,0
kp_21_7,evi_21_91,1,0
kp_21_7,evi_21_92,1,0
kp_21_7,evi_21_93,1,0
kp_21_7,evi_21_94,1,0
kp_21_7,evi_21_95,1,0
kp_21_7,evi_21_96,1,0
kp_21_7,evi_21_97,1,0
kp_21_8,evi_21_98,1,0
kp_21_8,evi_21_99,1,0
kp_21_8,evi_21_100,1,0
kp_21_8,evi_21_101,1,0
kp_21_8,evi_21_102,1,0
kp_21_8,evi_21_103,1,0
kp_21_8,evi_21_104,1,0
kp_21_8,evi_21_105,1,0
kp_21_8,evi_21_106,1,0
kp_22_0,evi_22_0,1,0
kp_22_0,evi_22_1,1,0
kp_22_0,evi_22_2,1,0
kp_22_0,evi_22_3,1,0
kp_22_0,evi_22_4,1,0
kp_22_0,evi_22_5,1,0
kp_22_0,evi_22_6,1,0
kp_22_1,evi_22_7,1,0
kp_22_1,evi_22_8,1,0
kp_22_1,evi_22_9,1,0
kp_22_1,evi_22_10,1,0
kp_22_1,evi_22_11,1,0
kp_22_2,evi_22_12,1,0
kp_22_2,evi_22_13,1,0
kp_22_2,evi_22_14,1,0
kp_22_2,evi_22_15,1,0
kp_22_2,evi_22_16,1,0
kp_22_3,evi_22_17,1,0
kp_22_3,evi_22_18,1,0
kp_22_3,evi_22_19,1,0
kp_22_3,evi_22_20,1,0
kp_22_3,evi_22_21,1,0
kp_22_3,evi_22_22,1,0
kp_22_3,evi_22_23,1,0
kp_22_3,evi_22_24,1,0
kp_22_3,evi_22_25,1,0
kp_22_4,evi_22_26,1,0
kp_22_4,evi_22_27,1,0
kp_22_4,evi_22_28,1,0
kp_22_4,evi_22_29,1,0
kp_22_4,evi_22_30,1,0
kp_22_4,evi_22_31,1,0
kp_22_5,evi_22_32,1,0
kp_22_5,evi_22_33,1,0
kp_22_5,evi_22_34,1,0
kp_22_5,evi_22_35,1,0
kp_22_5,evi_22_36,1,0
kp_22_6,evi_22_37,1,0
kp_22_6,evi_22_38,1,0
kp_22_6,evi_22_39,1,0
kp_22_6,evi_22_40,1,0
kp_22_6,evi_22_41,1,0
kp_22_7,evi_22_42,1,0
kp_22_7,evi_22_43,1,0
kp_22_7,evi_22_44,1,0
kp_22_7,evi_22_45,1,0
kp_22_7,evi_22_46,1,0
kp_22_7,evi_22_47,1,0
kp_22_8,evi_22_48,1,0
kp_22_8,evi_22_49,1,0
kp_22_8,evi_22_50,1,0
kp_22_8,evi_22_51,1,0
kp_22_8,evi_22_52,1,0
kp_22_9,evi_22_53,1,0
kp_22_9,evi_22_54,1,0
kp_22_9,evi_22_55,1,0
kp_22_9,evi_22_56,1,0
kp_22_9,evi_22_57,1,0
kp_22_10,evi_22_58,1,0
kp_22_10,evi_22_59,1,0
kp_22_10,evi_22_60,1,0
kp_22_10,evi_22_61,1,0
kp_22_10,evi_22_62,1,0
kp_22_10,evi_22_63,1,0
kp_23_0,evi_23_0,1,0
kp_23_0,evi_23_1,1,0
kp_23_0,evi_23_2,1,0
kp_23_0,evi_23_3,1,0
kp_23_0,evi_23_4,1,0
kp_23_0,evi_23_5,1,0
kp_23_0,evi_23_6,1,0
kp_23_1,evi_23_7,1,0
kp_23_1,evi_23_8,1,0
kp_23_1,evi_23_9,1,0
kp_23_1,evi_23_10,1,0
kp_23_1,evi_23_11,1,0
kp_23_1,evi_23_12,1,0
kp_23_1,evi_23_13,1,0
kp_23_2,evi_23_14,1,0
kp_23_2,evi_23_15,1,0
kp_23_2,evi_23_16,1,0
kp_23_2,evi_23_17,1,0
kp_23_2,evi_23_18,1,0
kp_23_2,evi_23_19,1,0
kp_23_2,evi_23_20,1,0
kp_23_2,evi_23_21,1,0
kp_23_2,evi_23_22,1,0
kp_23_2,evi_23_23,1,0
kp_23_3,evi_23_24,1,0
kp_23_3,evi_23_25,1,0
kp_23_3,evi_23_26,1,0
kp_23_3,evi_23_27,1,0
kp_23_3,evi_23_28,1,0
kp_23_3,evi_23_29,1,0
kp_23_3,evi_23_30,1,0
kp_23_3,evi_23_31,1,0
kp_23_3,evi_23_32,1,0
kp_23_3,evi_23_33,1,0
kp_23_3,evi_24_34,1,0
kp_23_3,evi_24_35,1,0
kp_23_3,evi_24_36,1,0
kp_23_3,evi_24_37,1,0
kp_23_3,evi_24_38,1,0
kp_24_0,evi_24_0,1,0
kp_24_0,evi_24_1,1,0
kp_24_0,evi_24_2,1,0
kp_24_0,evi_24_3,1,0
kp_24_0,evi_24_4,1,0
kp_24_0,evi_24_5,1,0
kp_24_0,evi_24_6,1,0
kp_24_1,evi_24_7,1,0
kp_24_1,evi_24_8,1,0
kp_24_1,evi_24_9,1,0
kp_24_1,evi_24_10,1,0
kp_24_1,evi_24_11,1,0
kp_24_1,evi_24_12,1,0
kp_24_1,evi_24_13,1,0
kp_24_2,evi_24_14,1,0
kp_24_2,evi_24_15,1,0
kp_24_2,evi_24_16,1,0
kp_24_2,evi_24_17,1,0
kp_24_2,evi_24_18,1,0
kp_24_2,evi_24_19,1,0
kp_24_3,evi_24_20,1,0
kp_24_3,evi_24_21,1,0
kp_24_3,evi_24_22,1,0
kp_24_3,evi_24_23,1,0
kp_24_3,evi_24_24,1,0
kp_24_4,evi_24_25,1,0
kp_24_4,evi_24_26,1,0
kp_24_4,evi_24_27,1,0
kp_24_4,evi_24_28,1,0
kp_24_4,evi_24_29,1,0
kp_24_5,evi_24_30,1,0
kp_24_5,evi_24_31,1,0
kp_24_5,evi_24_32,1,0
kp_24_5,evi_24_33,1,0
kp_24_5,evi_24_34,1,0
kp_24_5,evi_24_35,1,0
kp_24_6,evi_24_36,1,0
kp_24_6,evi_24_37,1,0
kp_24_6,evi_24_38,1,0
kp_24_6,evi_24_39,1,0
kp_24_6,evi_24_40,1,0
kp_24_7,evi_24_41,1,0
kp_24_7,evi_24_42,1,0
kp_24_7,evi_24_43,1,0
kp_24_7,evi_24_44,1,0
kp_24_7,evi_24_45,1,0
kp_24_7,evi_24_46,1,0
kp_24_8,evi_24_47,1,0
kp_24_8,evi_24_48,1,0
kp_24_8,evi_24_49,1,0
kp_24_8,evi_24_50,1,0
kp_24_8,evi_24_51,1,0
kp_24_8,evi_24_52,1,0
kp_24_8,evi_24_53,1,0
kp_24_9,evi_24_54,1,0
kp_24_9,evi_24_55,1,0
kp_24_9,evi_24_56,1,0
kp_24_9,evi_24_57,1,0
kp_24_9,evi_24_58,1,0
kp_24_10,evi_24_59,1,0
kp_24_10,evi_24_60,1,0
kp_24_10,evi_24_61,1,0
kp_24_10,evi_24_62,1,0
kp_24_10,evi_24_63,1,0
kp_25_0,evi_25_0,1,0
kp_25_0,evi_25_1,1,0
kp_25_0,evi_25_2,1,0
kp_25_0,evi_25_3,1,0
kp_25_0,evi_25_4,1,0
kp_25_0,evi_25_5,1,0
kp_25_0,evi_25_6,1,0
kp_25_0,evi_25_7,1,0
kp_25_0,evi_25_8,1,0
kp_25_0,evi_25_9,1,0
kp_25_0,evi_25_10,1,0
kp_25_0,evi_25_11,1,0
kp_25_0,evi_25_12,1,0
kp_25_0,evi_25_13,1,0
kp_25_0,evi_25_14,1,0
kp_25_0,evi_25_15,1,0
kp_25_0,evi_25_16,1,0
kp_25_0,evi_25_17,1,0
kp_25_0,evi_25_18,1,0
kp_25_0,evi_25_19,1,0
kp_25_0,evi_25_20,1,0
kp_25_0,evi_25_21,1,0
kp_25_0,evi_25_22,1,0
kp_25_0,evi_25_23,1,0
kp_25_1,evi_25_24,1,0
kp_25_1,evi_25_25,1,0
kp_25_1,evi_25_26,1,0
kp_25_1,evi_25_27,1,0
kp_25_1,evi_25_28,1,0
kp_25_2,evi_25_29,1,0
kp_25_2,evi_25_30,1,0
kp_25_2,evi_25_31,1,0
kp_25_2,evi_25_32,1,0
kp_25_2,evi_25_33,1,0
kp_25_2,evi_25_34,1,0
kp_25_2,evi_25_35,1,0
kp_25_2,evi_25_36,1,0
kp_25_2,evi_25_37,1,0
kp_25_2,evi_25_38,1,0
kp_25_3,evi_25_39,1,0
kp_25_3,evi_25_40,1,0
kp_25_3,evi_25_41,1,0
kp_25_3,evi_25_42,1,0
kp_25_3,evi_25_43,1,0
kp_25_3,evi_25_44,1,0
kp_25_3,evi_25_45,1,0
kp_25_3,evi_25_46,1,0
kp_25_3,evi_25_47,1,0
kp_25_4,evi_25_48,1,0
kp_25_4,evi_25_49,1,0
kp_25_4,evi_25_50,1,0
kp_25_4,evi_25_51,1,0
kp_25_4,evi_25_52,1,0
kp_25_5,evi_25_53,1,0
kp_25_5,evi_25_54,1,0
kp_25_5,evi_25_55,1,0
kp_25_5,evi_25_56,1,0
kp_25_5,evi_25_57,1,0
kp_25_5,evi_25_58,1,0
kp_25_6,evi_25_59,1,0
kp_25_6,evi_25_60,1,0
kp_25_6,evi_25_61,1,0
kp_25_6,evi_25_62,1,0
kp_25_6,evi_25_63,1,0
kp_26_0,evi_26_0,1,0
kp_26_0,evi_26_1,1,0
kp_26_0,evi_26_2,1,0
kp_26_0,evi_26_3,1,0
kp_26_0,evi_26_4,1,0
kp_26_1,evi_26_5,1,0
kp_26_1,evi_26_6,1,0
kp_26_1,evi_26_7,1,0
kp_26_1,evi_26_8,1,0
kp_26_1,evi_26_9,1,0
kp_26_2,evi_26_10,1,0
kp_26_2,evi_26_11,1,0
kp_26_2,evi_26_12,1,0
kp_26_2,evi_26_13,1,0
kp_26_2,evi_26_14,1,0
kp_26_3,evi_26_15,1,0
kp_26_3,evi_26_16,1,0
kp_26_3,evi_26_17,1,0
kp_26_3,evi_26_18,1,0
kp_26_3,evi_26_19,1,0
kp_26_4,evi_26_20,1,0
kp_26_4,evi_26_21,1,0
kp_26_4,evi_26_22,1,0
kp_26_4,evi_26_23,1,0
kp_26_4,evi_26_24,1,0
kp_26_5,evi_26_25,1,0
kp_26_5,evi_26_26,1,0
kp_26_5,evi_26_27,1,0
kp_26_5,evi_26_28,1,0
kp_26_5,evi_26_29,1,0
kp_26_6,evi_26_30,1,0
kp_26_6,evi_26_31,1,0
kp_26_6,evi_26_32,1,0
kp_26_6,evi_26_33,1,0
kp_26_6,evi_26_34,1,0
kp_26_7,evi_26_35,1,0
kp_26_7,evi_26_36,1,0
kp_26_7,evi_26_37,1,0
kp_26_7,evi_26_38,1,0
kp_26_7,evi_26_39,1,0
kp_26_7,evi_26_40,1,0
kp_26_8,evi_26_41,1,0
kp_26_8,evi_26_42,1,0
kp_26_8,evi_26_43,1,0
kp_26_8,evi_26_44,1,0
kp_26_8,evi_26_45,1,0
kp_27_0,evi_27_0,1,0
kp_27_0,evi_27_1,1,0
kp_27_0,evi_27_2,1,0
kp_27_0,evi_27_3,1,0
kp_27_0,evi_27_4,1,0
kp_27_0,evi_27_5,1,0
kp_27_1,evi_27_6,1,0
kp_27_1,evi_27_7,1,0
kp_27_1,evi_27_8,1,0
kp_27_1,evi_27_9,1,0
kp_27_1,evi_27_10,1,0
kp_27_1,evi_27_11,1,0
kp_27_2,evi_27_12,1,0
kp_27_2,evi_27_13,1,0
kp_27_2,evi_27_14,1,0
kp_27_2,evi_27_15,1,0
kp_27_2,evi_27_16,1,0
kp_27_2,evi_27_17,1,0
kp_27_3,evi_27_18,1,0
kp_27_3,evi_27_19,1,0
kp_27_3,evi_27_20,1,0
kp_27_3,evi_27_21,1,0
kp_27_3,evi_27_22,1,0
kp_27_3,evi_27_23,1,0
kp_27_4,evi_27_24,1,0
kp_27_4,evi_27_25,1,0
kp_27_4,evi_27_26,1,0
kp_27_4,evi_27_27,1,0
kp_27_4,evi_27_28,1,0
kp_27_4,evi_27_29,1,0
kp_27_5,evi_27_30,1,0
kp_27_5,evi_27_31,1,0
kp_27_5,evi_27_32,1,0
kp_27_5,evi_27_33,1,0
kp_27_5,evi_27_34,1,0
kp_27_5,evi_27_35,1,0
kp_27_6,evi_27_36,1,0
kp_27_6,evi_27_37,1,0
kp_27_6,evi_27_38,1,0
kp_27_6,evi_27_39,1,0
kp_27_6,evi_27_40,1,0
kp_27_6,evi_27_41,1,0
kp_27_7,evi_27_42,1,0
kp_27_7,evi_27_43,1,0
kp_27_7,evi_27_44,1,0
kp_27_7,evi_27_45,1,0
kp_27_7,evi_27_46,1,0
kp_27_7,evi_27_47,1,0
